Descriptor,Result
SSSS_Rcal,46907.15362369168
SSSC_Rcal,-3562.7909386640677
SSSN_Rcal,-7161.269995735763
SSSO_Rcal,-27463.30437334436
SSSX_Rcal,-0.0016994283589549242
SSSM_Rcal,-7587.158112429592
SSCC_Rcal,-7349.478692167615
SSCN_Rcal,-4441.1570548199215
SSCO_Rcal,-24528.37437966036
SSCX_Rcal,-0.0006594703315210837
SSCM_Rcal,-2083.786412649386
SSNN_Rcal,-0.0005021636290305359
SSNO_Rcal,-15047.78674107435
SSNX_Rcal,0.0015857340386271346
SSNM_Rcal,-32188.750387631626
SSOO_Rcal,26042.878639840364
SSOX_Rcal,0.00014392900782367324
SSOM_Rcal,-51778.41888436762
SSXX_Rcal,-0.0006276760142105986
SSXM_Rcal,0.00021351384294005654
SSMM_Rcal,-1213.268694141263
SCCC_Rcal,4439.439085860959
SCCN_Rcal,920.2490643401297
SCCO_Rcal,9746.68519687458
SCCX_Rcal,-0.0014426225563578532
SCCM_Rcal,-5853.400292637631
SCNN_Rcal,-11857.716334311304
SCNO_Rcal,-4526.9726741920595
SCNX_Rcal,0.0009118102770951098
SCNM_Rcal,2354.4493068381735
SCOO_Rcal,-2050.5848181973847
SCOX_Rcal,-0.00023215046766955627
SCOM_Rcal,14857.788649531449
SCXX_Rcal,0.005205964487379977
SCXM_Rcal,0.0017604025169414284
SCMM_Rcal,-1548.25872832793
SNNN_Rcal,-0.0008285040966449775
SNNO_Rcal,-8501.962423584846
SNNX_Rcal,0.0008714134318654754
SNNM_Rcal,-11680.932830905076
SNOO_Rcal,-77.3488165572532
SNOX_Rcal,-0.003047880049968338
SNOM_Rcal,-1764.7790069406697
SNXX_Rcal,0.0018562095828230096
SNXM_Rcal,-0.0009822087707083704
SNMM_Rcal,-10584.975811149683
SOOO_Rcal,7243.459432356015
SOOX_Rcal,-0.004030115279374913
SOOM_Rcal,-26689.40547538141
SOXX_Rcal,-0.001991436175154959
SOXM_Rcal,0.001897475530242887
SOMM_Rcal,-17532.518464761662
SXXX_Rcal,0.0010106875861719544
SXXM_Rcal,0.0035600082404505518
SXMM_Rcal,-0.00045916044990801375
SMMM_Rcal,4230.9921887303435
CCCC_Rcal,-2669.980878789073
CCCN_Rcal,7589.115541383281
CCCO_Rcal,-19135.165772180702
CCCX_Rcal,504.11356774468777
CCCM_Rcal,13289.235847332478
CCNN_Rcal,-6912.868833711764
CCNO_Rcal,-1898.0885382701883
CCNX_Rcal,-86.1993888946954
CCNM_Rcal,-5372.480100154673
CCOO_Rcal,19891.929494725562
CCOX_Rcal,318.22468196919544
CCOM_Rcal,18049.724726841312
CCXX_Rcal,346.2940164261836
CCXM_Rcal,3.167360522127183e-05
CCMM_Rcal,-834.0344040449781
CNNN_Rcal,-26007.068498394845
CNNO_Rcal,-23975.65848755508
CNNX_Rcal,25.887449559980155
CNNM_Rcal,-14409.497141425643
CNOO_Rcal,26425.546574077398
CNOX_Rcal,7.796603963488678
CNOM_Rcal,12353.74589679017
CNXX_Rcal,67.12241000070844
CNXM_Rcal,-9.920768206939101e-09
CNMM_Rcal,6874.768536177369
COOO_Rcal,-19784.059186162587
COOX_Rcal,71.44341272678957
COOM_Rcal,-6157.519388080114
COXX_Rcal,7.784603112297646
COXM_Rcal,-2.4811015464365482e-08
COMM_Rcal,-3925.247888507728
CXXX_Rcal,312.8739382327317
CXXM_Rcal,-6.082700565457344e-09
CXMM_Rcal,1.051375875249505e-08
CMMM_Rcal,11119.023615890183
NNNN_Rcal,6347.314956407946
NNNO_Rcal,-43339.16449378678
NNNX_Rcal,5.952700513693912
NNNM_Rcal,1.1932570487260818e-09
NNOO_Rcal,18604.581357188443
NNOX_Rcal,39.846382660763425
NNOM_Rcal,85026.30602224196
NNXX_Rcal,111.46656086483426
NNXM_Rcal,-5.820766091346741e-10
NNMM_Rcal,-2683.419611159544
NOOO_Rcal,-29297.78999452299
NOOX_Rcal,-56.96413479861573
NOOM_Rcal,-19773.963742004293
NOXX_Rcal,-2.056244398446438
NOXM_Rcal,2.9103830456733704e-10
NOMM_Rcal,-9933.956641195788
NXXX_Rcal,12.800091782362358
NXXM_Rcal,3.7834979593753815e-10
NXMM_Rcal,7.8580342233181e-10
NMMM_Rcal,-23512.22108332903
OOOO_Rcal,-23752.15984241913
OOOX_Rcal,-33.33982010119348
OOOM_Rcal,-7287.781192480947
OOXX_Rcal,78.33855767710702
OOXM_Rcal,1.6152625903487206e-09
OOMM_Rcal,-10631.392302707034
OXXX_Rcal,-70.9681650426711
OXXM_Rcal,4.3655745685100555e-10
OXMM_Rcal,-8.731149137020111e-10
OMMM_Rcal,16497.35960914091
XXXX_Rcal,196.9773005253801
XXXM_Rcal,2.9103830456733704e-11
XXMM_Rcal,1.1641532182693481e-09
XMMM_Rcal,9.604264050722122e-10
MMMM_Rcal,-5.238689482212067e-10
SSSS_M,11998.047713929847
SSSC_M,-6322.201539756257
SSSN_M,-14377.555750935611
SSSO_M,-25660.64680610925
SSSX_M,2.3283064365386963e-10
SSSM_M,-6926.256127804992
SSCC_M,-5162.505401857208
SSCN_M,-4144.955573874478
SSCO_M,-68056.37286751368
SSCX_M,-5.820766091346741e-11
SSCM_M,51.06861996470056
SSNN_M,2.3283064365386963e-10
SSNO_M,-6449.929684313282
SSNX_M,0.0
SSNM_M,-43578.90109180535
SSOO_M,21720.57547661511
SSOX_M,-2.9103830456733704e-11
SSOM_M,-39671.55984217864
SSXX_M,8.731149137020111e-11
SSXM_M,5.820766091346741e-11
SSMM_M,1045.3355647310002
SCCC_M,5027.343861429117
SCCN_M,-310.0543945979516
SCCO_M,10674.819908845462
SCCX_M,0.0
SCCM_M,-5260.066877408743
SCNN_M,-21587.781938234963
SCNO_M,-5875.327499884179
SCNX_M,0.0
SCNM_M,-1345.9922872177679
SCOO_M,-467.68796298131974
SCOX_M,0.0
SCOM_M,8591.118437722322
SCXX_M,0.0
SCXM_M,0.0
SCMM_M,-889.7217375409457
SNNN_M,0.0
SNNO_M,-12439.385662835975
SNNX_M,0.0
SNNM_M,-7021.584367473233
SNOO_M,109.85973114807746
SNOX_M,0.0
SNOM_M,-11809.223425698021
SNXX_M,0.0
SNXM_M,0.0
SNMM_M,-10333.228997004891
SOOO_M,5954.362326033786
SOOX_M,0.0
SOOM_M,-18294.843975706408
SOXX_M,0.0
SOXM_M,0.0
SOMM_M,-31529.121277791073
SXXX_M,0.0
SXXM_M,0.0
SXMM_M,0.0
SMMM_M,3635.3741133290027
CCCC_M,-1762.018527870231
CCCN_M,8400.293899463908
CCCO_M,-19913.768803382573
CCCX_M,504.1137026697015
CCCM_M,13359.5302307351
CCNN_M,-6368.33083585171
CCNO_M,-3088.832683340979
CCNX_M,-86.20076317589246
CCNM_M,-5872.05048548054
CCOO_M,18559.58857431419
CCOX_M,318.22368538965384
CCOM_M,18036.613000004294
CCXX_M,346.29509552775517
CCXM_M,0.0
CCMM_M,26.98777853494812
CNNN_M,-24264.891731351676
CNNO_M,-24569.159368758308
CNNX_M,25.88748696387347
CNNM_M,-14931.24108039874
CNOO_M,25891.615642374414
CNOX_M,7.796573187411923
CNOM_M,18062.83226246928
CNXX_M,67.12237121881844
CNXM_M,0.0
CNMM_M,7834.408842935751
COOO_M,-18983.038158504107
COOX_M,71.44345133517118
COOM_M,-6287.5510214640235
COXX_M,7.7845758126791225
COXM_M,0.0
COMM_M,-4516.588181612388
CXXX_M,312.8742919327251
CXXM_M,0.0
CXMM_M,0.0
CMMM_M,11593.602131792926
NNNN_M,7707.851222843494
NNNO_M,-49500.65610887477
NNNX_M,5.952614874761139
NNNM_M,0.0
NNOO_M,23927.488673153075
NNOX_M,39.84632015177351
NNOM_M,33009.74559219977
NNXX_M,111.46651695157425
NNXM_M,0.0
NNMM_M,13489.899165725
NOOO_M,-30389.394005600763
NOOX_M,-56.96404457523715
NOOM_M,-49096.88694877728
NOXX_M,-2.0563060563688964
NOXM_M,0.0
NOMM_M,-8196.690262280776
NXXX_M,12.80008250486236
NXXM_M,0.0
NXMM_M,0.0
NMMM_M,-21231.763967873456
OOOO_M,-16216.029227491665
OOOX_M,-33.33979124510256
OOOM_M,7983.468890580994
OOXX_M,78.33880596311201
OOXM_M,0.0
OOMM_M,-3834.056827775218
OXXX_M,-70.96820941581052
OXXM_M,0.0
OXMM_M,0.0
OMMM_M,13057.55340686196
XXXX_M,196.9772787555887
XXXM_M,0.0
XXMM_M,0.0
XMMM_M,0.0
MMMM_M,0.0
SSSS_Tbol,53503.73009883318
SSSC_Tbol,-3540.986543086076
SSSN_Tbol,6726.517100369412
SSSO_Tbol,-18648.086551889573
SSSX_Tbol,0.0
SSSM_Tbol,-7138.463778743566
SSCC_Tbol,-5277.8437782475485
SSCN_Tbol,-5804.923700635078
SSCO_Tbol,-29148.050385405346
SSCX_Tbol,0.0
SSCM_Tbol,-2170.3366795650227
SSNN_Tbol,0.0
SSNO_Tbol,-4935.946641752129
SSNX_Tbol,0.0
SSNM_Tbol,-44508.541553107585
SSOO_Tbol,28111.62927295269
SSOX_Tbol,0.0
SSOM_Tbol,-58481.67056469702
SSXX_Tbol,0.0
SSXM_Tbol,0.0
SSMM_Tbol,-990.330817618392
SCCC_Tbol,4500.557029201276
SCCN_Tbol,179.7342793000289
SCCO_Tbol,9893.563562185725
SCCX_Tbol,0.0
SCCM_Tbol,-6676.107018575989
SCNN_Tbol,-5078.735597175082
SCNO_Tbol,-4130.856685587225
SCNX_Tbol,0.0
SCNM_Tbol,6150.653107094448
SCOO_Tbol,-816.7027896906745
SCOX_Tbol,0.0
SCOM_Tbol,15367.371363087103
SCXX_Tbol,0.0
SCXM_Tbol,0.0
SCMM_Tbol,-1050.0585598624493
SNNN_Tbol,0.0
SNNO_Tbol,3124.012166839181
SNNX_Tbol,0.0
SNNM_Tbol,2455.666786435178
SNOO_Tbol,466.70966899062466
SNOX_Tbol,0.0
SNOM_Tbol,6087.179228611252
SNXX_Tbol,0.0
SNXM_Tbol,0.0
SNMM_Tbol,-9723.90466679007
SOOO_Tbol,-9264.136696890504
SOOX_Tbol,0.0
SOOM_Tbol,-28134.632095755645
SOXX_Tbol,0.0
SOXM_Tbol,0.0
SOMM_Tbol,-22240.35263233819
SXXX_Tbol,0.0
SXXM_Tbol,0.0
SXMM_Tbol,0.0
SMMM_Tbol,1882.3066073403863
CCCC_Tbol,-2983.8391695966443
CCCN_Tbol,9130.16277688343
CCCO_Tbol,-19309.14539991484
CCCX_Tbol,504.1137919624107
CCCM_Tbol,13072.394990269015
CCNN_Tbol,-7598.276461323155
CCNO_Tbol,-3613.773106351683
CCNX_Tbol,-86.20044990282759
CCNM_Tbol,-5701.052081712944
CCOO_Tbol,19092.254214880362
CCOX_Tbol,318.2234711845049
CCOM_Tbol,17333.250758676404
CCXX_Tbol,346.29529355297655
CCXM_Tbol,0.0
CCMM_Tbol,-785.927316639586
CNNN_Tbol,-26540.863755145292
CNNO_Tbol,-24570.618634943185
CNNX_Tbol,25.887394289114695
CNNM_Tbol,-20529.31832521516
CNOO_Tbol,27105.838955748815
CNOX_Tbol,7.796561685798906
CNOM_Tbol,15475.878243106137
CNXX_Tbol,67.12246430631012
CNXM_Tbol,0.0
CNMM_Tbol,6565.957752269564
COOO_Tbol,-19480.52801684962
COOX_Tbol,71.44351619742338
COOM_Tbol,-5215.610283840406
COXX_Tbol,7.784718949056696
COXM_Tbol,0.0
COMM_Tbol,-4303.450753172832
CXXX_Tbol,312.8742848062757
CXXM_Tbol,0.0
CXMM_Tbol,0.0
CMMM_Tbol,10861.85228487719
NNNN_Tbol,-12016.874555571512
NNNO_Tbol,34180.56191206649
NNNX_Tbol,-5.952773022833867
NNNM_Tbol,0.0
NNOO_Tbol,-18201.231520255977
NNOX_Tbol,-39.84644254416264
NNOM_Tbol,50503.902792623405
NNXX_Tbol,-111.46654477368702
NNXM_Tbol,0.0
NNMM_Tbol,-2058.8451902935003
NOOO_Tbol,28595.205139480397
NOOX_Tbol,56.96428960450467
NOOM_Tbol,-23745.076901548884
NOXX_Tbol,2.0563730170381405
NOXM_Tbol,0.0
NOMM_Tbol,-2791.239873238928
NXXX_Tbol,-12.800052262581971
NXXM_Tbol,0.0
NXMM_Tbol,0.0
NMMM_Tbol,-22966.21020006021
OOOO_Tbol,24087.152319831675
OOOX_Tbol,33.33973561219341
OOOM_Tbol,-593.0386821666307
OOXX_Tbol,-78.33885196792971
OOXM_Tbol,0.0
OOMM_Tbol,-497.8201419985748
OXXX_Tbol,70.9681844231867
OXXM_Tbol,0.0
OXMM_Tbol,0.0
OMMM_Tbol,13501.637000484192
XXXX_Tbol,-196.97735155776786
XXXM_Tbol,0.0
XXMM_Tbol,0.0
XMMM_Tbol,0.0
MMMM_Tbol,0.0
SSSS_Rcov,54036.184931719166
SSSC_Rcov,-3568.760082382675
SSSN_Rcov,-7922.148408035026
SSSO_Rcov,-14882.1945381366
SSSX_Rcov,0.0
SSSM_Rcov,-7750.234119727351
SSCC_Rcov,-6080.485977452181
SSCN_Rcov,-4729.652597713435
SSCO_Rcov,-50961.471159849396
SSCX_Rcov,0.0
SSCM_Rcov,-3148.1944470305025
SSNN_Rcov,0.0
SSNO_Rcov,-16771.714722024735
SSNX_Rcov,0.0
SSNM_Rcov,-58427.22741313552
SSOO_Rcov,36309.74625049496
SSOX_Rcov,0.0
SSOM_Rcov,-47987.34498249027
SSXX_Rcov,0.0
SSXM_Rcov,0.0
SSMM_Rcov,104.43973946976922
SCCC_Rcov,4461.396129460089
SCCN_Rcov,1271.5047832229338
SCCO_Rcov,9511.974058370512
SCCX_Rcov,0.0
SCCM_Rcov,-5912.057362484022
SCNN_Rcov,-11864.956700522664
SCNO_Rcov,-4707.754327411508
SCNX_Rcov,0.0
SCNM_Rcov,8905.291242864081
SCOO_Rcov,-603.8145196582975
SCOX_Rcov,0.0
SCOM_Rcov,13350.448486381149
SCXX_Rcov,0.0
SCXM_Rcov,0.0
SCMM_Rcov,-2806.7922562471513
SNNN_Rcov,0.0
SNNO_Rcov,-11633.698898571913
SNNX_Rcov,0.0
SNNM_Rcov,-16495.74274168257
SNOO_Rcov,38.86852609525175
SNOX_Rcov,0.0
SNOM_Rcov,-4083.4418445338197
SNXX_Rcov,0.0
SNXM_Rcov,0.0
SNMM_Rcov,-11513.06382849105
SOOO_Rcov,7267.989560952878
SOOX_Rcov,0.0
SOOM_Rcov,3575.7038788237023
SOXX_Rcov,0.0
SOXM_Rcov,0.0
SOMM_Rcov,-20781.05718471283
SXXX_Rcov,0.0
SXXM_Rcov,0.0
SXMM_Rcov,0.0
SMMM_Rcov,-1045.700940473931
CCCC_Rcov,-3385.835996047864
CCCN_Rcov,8057.027883756384
CCCO_Rcov,-19868.91614108567
CCCX_Rcov,504.11359433621556
CCCM_Rcov,13572.46380696989
CCNN_Rcov,-7601.125895211638
CCNO_Rcov,-3268.8595468603608
CCNX_Rcov,-86.20082530100626
CCNM_Rcov,-4619.722766994744
CCOO_Rcov,19489.48719727629
CCOX_Rcov,318.22340063402953
CCOM_Rcov,17887.520023065692
CCXX_Rcov,346.2950441316443
CCXM_Rcov,0.0
CCMM_Rcov,-1062.2517115326552
CNNN_Rcov,-27995.45044330859
CNNO_Rcov,-24507.948864163678
CNNX_Rcov,25.887457178934028
CNNM_Rcov,-24755.156310193208
CNOO_Rcov,26935.357982664027
CNOX_Rcov,7.796657876092922
CNOM_Rcov,15720.341640859027
CNXX_Rcov,67.12258157649103
CNXM_Rcov,0.0
CNMM_Rcov,8184.532259593274
COOO_Rcov,-19840.055166410628
COOX_Rcov,71.44343975980382
COOM_Rcov,-5405.372270236095
COXX_Rcov,7.784768436027662
COXM_Rcov,0.0
COMM_Rcov,-3665.9529975083087
CXXX_Rcov,312.8742116398985
CXXM_Rcov,0.0
CXMM_Rcov,0.0
CMMM_Rcov,11777.101037976972
NNNN_Rcov,10334.410393207412
NNNO_Rcov,-31072.92542093005
NNNX_Rcov,5.952741781718686
NNNM_Rcov,0.0
NNOO_Rcov,18772.189683996934
NNOX_Rcov,39.84636461692594
NNOM_Rcov,42384.549970197055
NNXX_Rcov,111.4665909008213
NNXM_Rcov,0.0
NNMM_Rcov,29746.87684962552
NOOO_Rcov,-28411.54424499959
NOOX_Rcov,-56.96405093641721
NOOM_Rcov,-17727.75088169591
NOXX_Rcov,-2.056298500314597
NOXM_Rcov,0.0
NOMM_Rcov,-10774.620383053962
NXXX_Rcov,12.800133930008599
NXXM_Rcov,0.0
NXMM_Rcov,0.0
NMMM_Rcov,-24092.219202979817
OOOO_Rcov,-23889.52752855769
OOOX_Rcov,-33.3399371812402
OOOM_Rcov,12173.737241874325
OOXX_Rcov,78.33864322748286
OOXM_Rcov,0.0
OOMM_Rcov,2475.665236223591
OXXX_Rcov,-70.96817496926326
OXXM_Rcov,0.0
OXMM_Rcov,0.0
OMMM_Rcov,14689.832641883902
XXXX_Rcov,196.97724916866332
XXXM_Rcov,0.0
XXMM_Rcov,0.0
XMMM_Rcov,0.0
MMMM_Rcov,0.0
SSSS_ρ,-129444.4080263102
SSSC_ρ,-1026.4528265764216
SSSN_ρ,1792.649837491509
SSSO_ρ,160812.583728713
SSSX_ρ,0.0
SSSM_ρ,9403.181529326625
SSCC_ρ,-6420.993325881709
SSCN_ρ,62356.40498987231
SSCO_ρ,496009.1400934077
SSCX_ρ,0.0
SSCM_ρ,-3530.349581279663
SSNN_ρ,0.0
SSNO_ρ,37970.63248078218
SSNX_ρ,0.0
SSNM_ρ,-1629.1705521324966
SSOO_ρ,-62858.17819293178
SSOX_ρ,0.0
SSOM_ρ,-226540.55184818665
SSXX_ρ,0.0
SSXM_ρ,0.0
SSMM_ρ,-2272.651865276331
SCCC_ρ,6041.80710581309
SCCN_ρ,-68308.84987256832
SCCO_ρ,-32510.242380916836
SCCX_ρ,0.0
SCCM_ρ,-7806.720516192485
SCNN_ρ,345135.4247430101
SCNO_ρ,1914.660419802893
SCNX_ρ,0.0
SCNM_ρ,26952.739173890805
SCOO_ρ,-20749.769870284897
SCOX_ρ,0.0
SCOM_ρ,41791.89994509926
SCXX_ρ,0.0
SCXM_ρ,0.0
SCMM_ρ,-2768.5267278284064
SNNN_ρ,0.0
SNNO_ρ,38275.7531240044
SNNX_ρ,0.0
SNNM_ρ,69225.43114719911
SNOO_ρ,1383.1090690785113
SNOX_ρ,0.0
SNOM_ρ,202021.46652144255
SNXX_ρ,0.0
SNXM_ρ,0.0
SNMM_ρ,-15171.375711094435
SOOO_ρ,-4024.24034034819
SOOX_ρ,0.0
SOOM_ρ,163668.04134031708
SOXX_ρ,0.0
SOXM_ρ,0.0
SOMM_ρ,4661.421716753211
SXXX_ρ,0.0
SXXM_ρ,0.0
SXMM_ρ,0.0
SMMM_ρ,3747.3871699088613
CCCC_ρ,-3576.410091852729
CCCN_ρ,4936.823584516069
CCCO_ρ,-21331.796594052787
CCCX_ρ,504.11375105444495
CCCM_ρ,13986.273438181273
CCNN_ρ,7304.411346959708
CCNO_ρ,-257.73156495065314
CCNX_ρ,-86.20075697443326
CCNM_ρ,-5177.180010757316
CCOO_ρ,16125.921093292387
CCOX_ρ,318.2236179302972
CCOM_ρ,23186.905793829843
CCXX_ρ,346.29520649169535
CCXM_ρ,0.0
CCMM_ρ,-464.7315920234962
CNNN_ρ,6001.8006365802385
CNNO_ρ,-34412.28220361449
CNNX_ρ,25.887415699827557
CNNM_ρ,-24838.93518809986
CNOO_ρ,21992.912167113158
CNOX_ρ,7.796437297706461
CNOM_ρ,27474.569097168616
CNXX_ρ,67.1225185342173
CNXM_ρ,0.0
CNMM_ρ,6238.040455776348
COOO_ρ,-27276.035580697266
COOX_ρ,71.44358107991411
COOM_ρ,27429.289556535245
COXX_ρ,7.78479909811449
COXM_ρ,0.0
COMM_ρ,5535.219614551183
CXXX_ρ,312.87423455193857
CXXM_ρ,0.0
CXMM_ρ,0.0
CMMM_ρ,12437.309895997227
NNNN_ρ,-155084.34196461787
NNNO_ρ,13376.684020227145
NNNX_ρ,5.952716202678232
NNNM_ρ,0.0
NNOO_ρ,-4258.077154375855
NNOX_ρ,39.846420334357504
NNOM_ρ,-5538.057025099472
NNXX_ρ,111.46650964780747
NNXM_ρ,0.0
NNMM_ρ,-31241.533108840602
NOOO_ρ,110634.02287585015
NOOX_ρ,-56.96406051135912
NOOM_ρ,-76802.30361142331
NOXX_ρ,-2.0561374913245913
NOXM_ρ,0.0
NOMM_ρ,94332.28672768146
NXXX_ρ,12.80008250486236
NXXM_ρ,0.0
NXMM_ρ,0.0
NMMM_ρ,5494.477785354162
OOOO_ρ,174103.44815177293
OOOX_ρ,-33.339964605207115
OOOM_ρ,19692.032655192193
OOXX_ρ,78.33843541558826
OOXM_ρ,0.0
OOMM_ρ,-112564.85363322173
OXXX_ρ,-70.96819260495488
OXXM_ρ,0.0
OXMM_ρ,0.0
OMMM_ρ,40026.53881126941
XXXX_ρ,196.97820988113608
XXXM_ρ,0.0
XXMM_ρ,0.0
XMMM_ρ,0.0
MMMM_ρ,0.0
SSSS_ᵡ,-255024.34431113725
SSSC_ᵡ,-30035.353684303456
SSSN_ᵡ,167830.35087177434
SSSO_ᵡ,51215.412399715286
SSSX_ᵡ,0.0
SSSM_ᵡ,328.1946904649035
SSCC_ᵡ,-3980.2925822331667
SSCN_ᵡ,169513.38210832034
SSCO_ᵡ,-3855.464095382838
SSCX_ᵡ,0.0
SSCM_ᵡ,-6683.045346945831
SSNN_ᵡ,0.0
SSNO_ᵡ,-108982.49740194983
SSNX_ᵡ,0.0
SSNM_ᵡ,-143784.3898924782
SSOO_ᵡ,21647.764569829997
SSOX_ᵡ,0.0
SSOM_ᵡ,703306.091188804
SSXX_ᵡ,0.0
SSXM_ᵡ,0.0
SSMM_ᵡ,-6137.450408989114
SCCC_ᵡ,4676.29478931892
SCCN_ᵡ,-14884.635454455682
SCCO_ᵡ,12044.215922111845
SCCX_ᵡ,0.0
SCCM_ᵡ,-1986.4445526430525
SCNN_ᵡ,-244251.80747552088
SCNO_ᵡ,-16584.10190754908
SCNX_ᵡ,0.0
SCNM_ᵡ,74120.82875120165
SCOO_ᵡ,-9160.386708199734
SCOX_ᵡ,0.0
SCOM_ᵡ,45041.66086763587
SCXX_ᵡ,0.0
SCXM_ᵡ,0.0
SCMM_ᵡ,-3169.2429623913195
SNNN_ᵡ,0.0
SNNO_ᵡ,-23410.881458561074
SNNX_ᵡ,0.0
SNNM_ᵡ,21961.533953384445
SNOO_ᵡ,948.004860208695
SNOX_ᵡ,0.0
SNOM_ᵡ,57967.624946534546
SNXX_ᵡ,0.0
SNXM_ᵡ,0.0
SNMM_ᵡ,-84508.93867005831
SOOO_ᵡ,8970.211131036
SOOX_ᵡ,0.0
SOOM_ᵡ,-102888.05072820825
SOXX_ᵡ,0.0
SOXM_ᵡ,0.0
SOMM_ᵡ,236647.23907221563
SXXX_ᵡ,0.0
SXXM_ᵡ,0.0
SXMM_ᵡ,0.0
SMMM_ᵡ,4442.789210675203
CCCC_ᵡ,-2940.3045061786165
CCCN_ᵡ,9315.04410331271
CCCO_ᵡ,-18789.844675432614
CCCX_ᵡ,504.11410873957493
CCCM_ᵡ,10102.348249617378
CCNN_ᵡ,-12898.514862934806
CCNO_ᵡ,-3150.8735029933614
CCNX_ᵡ,-86.20087501171656
CCNM_ᵡ,-6958.323227464137
CCOO_ᵡ,18794.032874008186
CCOX_ᵡ,318.2233693956641
CCOM_ᵡ,9934.709647863478
CCXX_ᵡ,346.2950212556093
CCXM_ᵡ,0.0
CCMM_ᵡ,369.65487883109415
CNNN_ᵡ,-8859.324333667126
CNNO_ᵡ,-22638.173304087446
CNNX_ᵡ,25.887450369143835
CNNM_ᵡ,-90148.6714531257
CNOO_ᵡ,32706.813938278396
CNOX_ᵡ,7.796646733061607
CNOM_ᵡ,-17470.383661391774
CNXX_ᵡ,67.122339657863
CNXM_ᵡ,0.0
CNMM_ᵡ,15000.274528110853
COOO_ᵡ,-13985.867788563606
COOX_ᵡ,71.44331610193558
COOM_ᵡ,73315.3437984022
COXX_ᵡ,7.784788801556715
COXM_ᵡ,0.0
COMM_ᵡ,24050.29594592892
CXXX_ᵡ,312.8741513167488
CXXM_ᵡ,0.0
CXMM_ᵡ,0.0
CMMM_ᵡ,12436.309273648603
NNNN_ᵡ,57541.94637040375
NNNO_ᵡ,-79819.45701887798
NNNX_ᵡ,5.952743614309554
NNNM_ᵡ,0.0
NNOO_ᵡ,62555.45561706862
NNOX_ᵡ,39.8465791777553
NNOM_ᵡ,-200443.89385765395
NNXX_ᵡ,111.4665791076327
NNXM_ᵡ,0.0
NNMM_ᵡ,-263460.08274666057
NOOO_ᵡ,-2051.318505588781
NOOX_ᵡ,-56.96421097106102
NOOM_ᵡ,72325.8936546985
NOXX_ᵡ,-2.0562911101037287
NOXM_ᵡ,0.0
NOMM_ᵡ,45654.081846880625
NXXX_ᵡ,12.800133930008599
NXXM_ᵡ,0.0
NXMM_ᵡ,0.0
NMMM_ᵡ,75330.59041107196
OOOO_ᵡ,-18690.101665231876
OOOX_ᵡ,-33.33980500373218
OOOM_ᵡ,66895.31265844943
OOXX_ᵡ,78.33864250843862
OOXM_ᵡ,0.0
OOMM_ᵡ,102999.52658760783
OXXX_ᵡ,-70.96816176638902
OXXM_ᵡ,0.0
OXMM_ᵡ,0.0
OMMM_ᵡ,-69665.78022244397
XXXX_ᵡ,196.9773783768187
XXXM_ᵡ,0.0
XXMM_ᵡ,0.0
XMMM_ᵡ,0.0
MMMM_ᵡ,0.0
SSSS_Eea,58146.34968197883
SSSC_Eea,-4047.686655564778
SSSN_Eea,-3099.934694447427
SSSO_Eea,-22321.682212861142
SSSX_Eea,0.0
SSSM_Eea,-6400.058086849031
SSCC_Eea,-5322.051851500601
SSCN_Eea,-8419.005888711783
SSCO_Eea,-22315.97006868173
SSCX_Eea,0.0
SSCM_Eea,-795.3518690595655
SSNN_Eea,0.0
SSNO_Eea,-13331.284912833382
SSNX_Eea,0.0
SSNM_Eea,-39552.079855392214
SSOO_Eea,20213.446182280677
SSOX_Eea,0.0
SSOM_Eea,-81439.1680827076
SSXX_Eea,0.0
SSXM_Eea,0.0
SSMM_Eea,431.2283695993081
SCCC_Eea,4937.336728242377
SCCN_Eea,728.5446429643588
SCCO_Eea,9977.820373464769
SCCX_Eea,0.0
SCCM_Eea,-6628.072506371168
SCNN_Eea,-12689.056351823097
SCNO_Eea,-4109.627388364153
SCNX_Eea,0.0
SCNM_Eea,5543.21391495273
SCOO_Eea,-554.7809585594002
SCOX_Eea,0.0
SCOM_Eea,15045.953538246556
SCXX_Eea,0.0
SCXM_Eea,0.0
SCMM_Eea,-2938.0527375941183
SNNN_Eea,0.0
SNNO_Eea,-7072.876041031531
SNNX_Eea,0.0
SNNM_Eea,-2735.035591311695
SNOO_Eea,1.0962156384840682
SNOX_Eea,0.0
SNOM_Eea,19435.2472166673
SNXX_Eea,0.0
SNXM_Eea,0.0
SNMM_Eea,-8263.435594125769
SOOO_Eea,7258.136244191756
SOOX_Eea,0.0
SOOM_Eea,-23337.851702923035
SOXX_Eea,0.0
SOXM_Eea,0.0
SOMM_Eea,-18733.97093060279
SXXX_Eea,0.0
SXXM_Eea,0.0
SXMM_Eea,0.0
SMMM_Eea,5011.511093522969
CCCC_Eea,-3882.422375360824
CCCN_Eea,7862.217238305474
CCCO_Eea,-20811.159363631003
CCCX_Eea,504.11394837961643
CCCM_Eea,13056.738764719343
CCNN_Eea,-6838.84831910003
CCNO_Eea,-3555.2693650876167
CCNX_Eea,-86.20060670092698
CCNM_Eea,-6153.863553757504
CCOO_Eea,19241.122098031636
CCOX_Eea,318.2232872323457
CCOM_Eea,17244.234331718755
CCXX_Eea,346.29495136652577
CCXM_Eea,0.0
CCMM_Eea,-1008.5236037979905
CNNN_Eea,-26779.07932152902
CNNO_Eea,-24573.28920622272
CNNX_Eea,25.887434830532015
CNNM_Eea,-13427.209857672577
CNOO_Eea,27309.819599801056
CNOX_Eea,7.7965787495240875
CNOM_Eea,14712.93718841856
CNXX_Eea,67.12240219586783
CNXM_Eea,0.0
CNMM_Eea,7256.007834954727
COOO_Eea,-19806.378554207
COOX_Eea,71.44351360495466
COOM_Eea,-5913.2207453995325
COXX_Eea,7.784768196904224
COXM_Eea,0.0
COMM_Eea,-3883.4619292565476
CXXX_Eea,312.8740604165823
CXXM_Eea,0.0
CXMM_Eea,0.0
CMMM_Eea,12749.867258962302
NNNN_Eea,9735.063470273806
NNNO_Eea,-40557.819000410665
NNNX_Eea,5.95273245569669
NNNM_Eea,0.0
NNOO_Eea,19253.99732574011
NNOX_Eea,39.84636604838943
NNOM_Eea,47488.27939595069
NNXX_Eea,111.46660749005287
NNXM_Eea,0.0
NNMM_Eea,9661.759282752893
NOOO_Eea,-30060.878910700558
NOOX_Eea,-56.964114712099814
NOOM_Eea,-13164.07384260867
NOXX_Eea,-2.056180002249789
NOXM_Eea,0.0
NOMM_Eea,-3335.9127461022554
NXXX_Eea,12.80008250486236
NXXM_Eea,0.0
NXMM_Eea,0.0
NMMM_Eea,-23662.382413175546
OOOO_Eea,-24005.49185459528
OOOX_Eea,-33.33974036789027
OOOM_Eea,-1047.4882753945296
OOXX_Eea,78.33854938533614
OOXM_Eea,0.0
OOMM_Eea,-5543.375617598991
OXXX_Eea,-70.96806710325359
OXXM_Eea,0.0
OXMM_Eea,0.0
OMMM_Eea,13343.182378752797
XXXX_Eea,196.97758437251537
XXXM_Eea,0.0
XXMM_Eea,0.0
XMMM_Eea,0.0
MMMM_Eea,0.0
SSSS_Remp,57943.8198222132
SSSC_Remp,-2770.1320945862817
SSSN_Remp,21062.679182547112
SSSO_Remp,-21702.431158869407
SSSX_Remp,0.0
SSSM_Remp,-7625.627273958984
SSCC_Remp,-7192.123744679773
SSCN_Remp,-3095.480903481348
SSCO_Remp,-36110.788951248076
SSCX_Remp,0.0
SSCM_Remp,-0.9995301893621047
SSNN_Remp,0.0
SSNO_Remp,3737.3621068816383
SSNX_Remp,0.0
SSNM_Remp,-46335.512867296784
SSOO_Remp,14932.441051983282
SSOX_Remp,0.0
SSOM_Remp,-84432.75260075659
SSXX_Remp,0.0
SSXM_Remp,0.0
SSMM_Remp,-732.9125220744581
SCCC_Remp,4711.673987351027
SCCN_Remp,-714.2057283567028
SCCO_Remp,9676.824139791654
SCCX_Remp,0.0
SCCM_Remp,-6624.811822032714
SCNN_Remp,8474.512525338416
SCNO_Remp,-3950.7810923686397
SCNX_Remp,0.0
SCNM_Remp,4703.55061660959
SCOO_Remp,-368.87980132510927
SCOX_Remp,0.0
SCOM_Remp,8616.371185475999
SCXX_Remp,0.0
SCXM_Remp,0.0
SCMM_Remp,-1525.0960318793468
SNNN_Remp,0.0
SNNO_Remp,-7388.9776598838025
SNNX_Remp,0.0
SNNM_Remp,1752.7271150693089
SNOO_Remp,29.864965467485604
SNOX_Remp,0.0
SNOM_Remp,6583.190502222018
SNXX_Remp,0.0
SNXM_Remp,0.0
SNMM_Remp,-8157.725592564417
SOOO_Remp,8122.097215595697
SOOX_Remp,0.0
SOOM_Remp,-6849.920645564608
SOXX_Remp,0.0
SOXM_Remp,0.0
SOMM_Remp,-24606.167612409434
SXXX_Remp,0.0
SXXM_Remp,0.0
SXMM_Remp,0.0
SMMM_Remp,3797.105626990302
CCCC_Remp,-2489.483809659153
CCCN_Remp,7458.502656806941
CCCO_Remp,-19713.93507444745
CCCX_Remp,504.1138983931028
CCCM_Remp,13143.612038238572
CCNN_Remp,-7638.646638695098
CCNO_Remp,-2708.6880630971223
CCNX_Remp,-86.20054451558235
CCNM_Remp,-5606.0777125760305
CCOO_Remp,19102.019629268707
CCOX_Remp,318.2235383693305
CCOM_Remp,16872.64528881946
CCXX_Remp,346.2948705640347
CCXM_Remp,0.0
CCMM_Remp,-528.9132338476863
CNNN_Remp,-26108.14631045462
CNNO_Remp,-24330.089666844506
CNNX_Remp,25.887420991551494
CNNM_Remp,-23588.917717859025
CNOO_Remp,26548.41257420946
CNOX_Remp,7.796351523259091
CNOM_Remp,11159.903775718969
CNXX_Remp,67.12240313688244
CNXM_Remp,0.0
CNMM_Remp,6095.082405125729
COOO_Remp,-19251.670452841983
COOX_Remp,71.44342547456017
COOM_Remp,-8080.766114802522
COXX_Remp,7.784642325101686
COXM_Remp,0.0
COMM_Remp,-4812.890925546586
CXXX_Remp,312.87430553354716
CXXM_Remp,0.0
CXMM_Remp,0.0
CMMM_Remp,11486.915088617063
NNNN_Remp,9005.470838993704
NNNO_Remp,-37643.32044125911
NNNX_Remp,5.952699813356844
NNNM_Remp,0.0
NNOO_Remp,17114.695075122843
NNOX_Remp,39.84646217079262
NNOM_Remp,59192.53294686577
NNXX_Remp,111.46651871063614
NNXM_Remp,0.0
NNMM_Remp,-9674.554710429564
NOOO_Remp,-30107.629754659123
NOOX_Remp,-56.96410800949823
NOOM_Remp,-26860.555057841135
NOXX_Remp,-2.056283989773533
NOXM_Remp,0.0
NOMM_Remp,-12808.358038618084
NXXX_Remp,12.800133930008599
NXXM_Remp,0.0
NXMM_Remp,0.0
NMMM_Remp,-25215.912013265108
OOOO_Remp,-24890.53920105035
OOOX_Remp,-33.33983577660865
OOOM_Remp,-430.77019092732706
OOXX_Remp,78.33864896418208
OOXM_Remp,0.0
OOMM_Remp,-2470.9409191326167
OXXX_Remp,-70.96811174318748
OXXM_Remp,0.0
OXMM_Remp,0.0
OMMM_Remp,15962.336930689971
XXXX_Remp,196.9771992419178
XXXM_Remp,0.0
XXMM_Remp,0.0
XMMM_Remp,0.0
MMMM_Remp,0.0
SSSS_ΔHfus,-251186.26345897175
SSSC_ΔHfus,-2146.056747844464
SSSN_ΔHfus,40471.1489240324
SSSO_ΔHfus,193318.07978108837
SSSX_ΔHfus,0.0
SSSM_ΔHfus,-8333.283062703718
SSCC_ΔHfus,-5629.673186982613
SSCN_ΔHfus,-39769.262185368374
SSCO_ΔHfus,-45666.67863730872
SSCX_ΔHfus,0.0
SSCM_ΔHfus,-1503.0182095193445
SSNN_ΔHfus,0.0
SSNO_ΔHfus,-54770.14693757255
SSNX_ΔHfus,0.0
SSNM_ΔHfus,431388.0103141493
SSOO_ΔHfus,122627.49029613889
SSOX_ΔHfus,0.0
SSOM_ΔHfus,-156303.87584482896
SSXX_ΔHfus,0.0
SSXM_ΔHfus,0.0
SSMM_ΔHfus,382.92208341964516
SCCC_ΔHfus,4362.764053759018
SCCN_ΔHfus,-97.79134569273606
SCCO_ΔHfus,9785.881068738363
SCCX_ΔHfus,0.0
SCCM_ΔHfus,-6932.229850357828
SCNN_ΔHfus,-12525.107816964366
SCNO_ΔHfus,-3919.05110678303
SCNX_ΔHfus,0.0
SCNM_ΔHfus,1284.887672483615
SCOO_ΔHfus,-2506.899929347555
SCOX_ΔHfus,0.0
SCOM_ΔHfus,24823.367152802293
SCXX_ΔHfus,0.0
SCXM_ΔHfus,0.0
SCMM_ΔHfus,-1922.157045861822
SNNN_ΔHfus,0.0
SNNO_ΔHfus,15335.163174904776
SNNX_ΔHfus,0.0
SNNM_ΔHfus,-591.0946250489847
SNOO_ΔHfus,-1605.5463395736592
SNOX_ΔHfus,0.0
SNOM_ΔHfus,-188602.45292047484
SNXX_ΔHfus,0.0
SNXM_ΔHfus,0.0
SNMM_ΔHfus,-18093.445168199567
SOOO_ΔHfus,17187.648409711142
SOOX_ΔHfus,0.0
SOOM_ΔHfus,-3007.322566748916
SOXX_ΔHfus,0.0
SOXM_ΔHfus,0.0
SOMM_ΔHfus,-307384.7317056776
SXXX_ΔHfus,0.0
SXXM_ΔHfus,0.0
SXMM_ΔHfus,0.0
SMMM_ΔHfus,3794.962316041172
CCCC_ΔHfus,-1978.5316618033175
CCCN_ΔHfus,7396.710126964676
CCCO_ΔHfus,-19379.41439560099
CCCX_ΔHfus,504.1137689745492
CCCM_ΔHfus,13352.585954760178
CCNN_ΔHfus,-7532.63756293058
CCNO_ΔHfus,-3171.8342716620473
CCNX_ΔHfus,-86.2005191070507
CCNM_ΔHfus,-5971.285273360975
CCOO_ΔHfus,18928.09764831225
CCOX_ΔHfus,318.22363560125814
CCOM_ΔHfus,16816.083615822354
CCXX_ΔHfus,346.29506650102394
CCXM_ΔHfus,0.0
CCMM_ΔHfus,-975.9658213656173
CNNN_ΔHfus,-27246.488769113104
CNNO_ΔHfus,-24475.753550750578
CNNX_ΔHfus,25.887421797724755
CNNM_ΔHfus,-12295.145814128202
CNOO_ΔHfus,27155.655523968824
CNOX_ΔHfus,7.796469164035898
CNOM_ΔHfus,22552.029613603983
CNXX_ΔHfus,67.12237010726676
CNXM_ΔHfus,0.0
CNMM_ΔHfus,5129.580241374375
COOO_ΔHfus,-18334.136958911622
COOX_ΔHfus,71.44354070130521
COOM_ΔHfus,2372.4495018825696
COXX_ΔHfus,7.784675067437547
COXM_ΔHfus,0.0
COMM_ΔHfus,-7356.9452204288145
CXXX_ΔHfus,312.87409934340576
CXXM_ΔHfus,0.0
CXMM_ΔHfus,0.0
CMMM_ΔHfus,13259.874433691555
NNNN_ΔHfus,-36696.57588604337
NNNO_ΔHfus,275912.4773339693
NNNX_ΔHfus,5.952729563883167
NNNM_ΔHfus,0.0
NNOO_ΔHfus,-19574.125804096155
NNOX_ΔHfus,39.846269814396464
NNOM_ΔHfus,-169688.6167690995
NNXX_ΔHfus,111.46660810769299
NNXM_ΔHfus,0.0
NNMM_ΔHfus,162251.72258590933
NOOO_ΔHfus,-317723.29092554934
NOOX_ΔHfus,-56.96383656688957
NOOM_ΔHfus,423957.5545978885
NOXX_ΔHfus,-2.056301284902247
NOXM_ΔHfus,0.0
NOMM_ΔHfus,171631.73289442252
NXXX_ΔHfus,12.800133930008599
NXXM_ΔHfus,0.0
NXMM_ΔHfus,0.0
NMMM_ΔHfus,-4244.505743030593
OOOO_ΔHfus,-5504.167173347338
OOOX_ΔHfus,-33.339987801744655
OOOM_ΔHfus,37925.074003372014
OOXX_ΔHfus,78.33884385593547
OOXM_ΔHfus,0.0
OOMM_ΔHfus,52939.767760673334
OXXX_ΔHfus,-70.96820872763351
OXXM_ΔHfus,0.0
OXMM_ΔHfus,0.0
OMMM_ΔHfus,-1450.2891559634702
XXXX_ΔHfus,196.97723896486514
XXXM_ΔHfus,0.0
XXMM_ΔHfus,0.0
XMMM_ΔHfus,0.0
MMMM_ΔHfus,0.0
SSSS_ΔHvap,105841.68326512263
SSSC_ΔHvap,-2747.6391808830012
SSSN_ΔHvap,-10194.743908385346
SSSO_ΔHvap,-106650.90082822165
SSSX_ΔHvap,0.0
SSSM_ΔHvap,-7714.5006216988495
SSCC_ΔHvap,-6153.508213974568
SSCN_ΔHvap,-4119.601428255385
SSCO_ΔHvap,-30415.41154123898
SSCX_ΔHvap,0.0
SSCM_ΔHvap,-2125.674562803071
SSNN_ΔHvap,0.0
SSNO_ΔHvap,5541.7637395907195
SSNX_ΔHvap,0.0
SSNM_ΔHvap,-50348.36142347476
SSOO_ΔHvap,34564.21923588296
SSOX_ΔHvap,0.0
SSOM_ΔHvap,-43648.352872434145
SSXX_ΔHvap,0.0
SSXM_ΔHvap,0.0
SSMM_ΔHvap,-289.99767487929466
SCCC_ΔHvap,3916.20649580996
SCCN_ΔHvap,163.93354040403722
SCCO_ΔHvap,9742.658884094611
SCCX_ΔHvap,0.0
SCCM_ΔHvap,-9444.95473008247
SCNN_ΔHvap,-10812.542011945656
SCNO_ΔHvap,-4525.605838173442
SCNX_ΔHvap,0.0
SCNM_ΔHvap,5196.342947242662
SCOO_ΔHvap,-763.2765880777401
SCOX_ΔHvap,0.0
SCOM_ΔHvap,18529.46431702874
SCXX_ΔHvap,0.0
SCXM_ΔHvap,0.0
SCMM_ΔHvap,-1540.4514312405227
SNNN_ΔHvap,0.0
SNNO_ΔHvap,-49117.79605335484
SNNX_ΔHvap,0.0
SNNM_ΔHvap,8745.911655352156
SNOO_ΔHvap,245.923697667064
SNOX_ΔHvap,0.0
SNOM_ΔHvap,3883.004577353947
SNXX_ΔHvap,0.0
SNXM_ΔHvap,0.0
SNMM_ΔHvap,-10986.741088533094
SOOO_ΔHvap,13916.145334872026
SOOX_ΔHvap,0.0
SOOM_ΔHvap,-6326.490406634774
SOXX_ΔHvap,0.0
SOXM_ΔHvap,0.0
SOMM_ΔHvap,-19563.91644994126
SXXX_ΔHvap,0.0
SXXM_ΔHvap,0.0
SXMM_ΔHvap,0.0
SMMM_ΔHvap,3159.857729653649
CCCC_ΔHvap,-2332.065705260584
CCCN_ΔHvap,7553.266846082736
CCCO_ΔHvap,-19097.37655070056
CCCX_ΔHvap,504.1142527034485
CCCM_ΔHvap,13753.226372791794
CCNN_ΔHvap,-7742.183145452793
CCNO_ΔHvap,-2733.9832557583395
CCNX_ΔHvap,-86.20088649052559
CCNM_ΔHvap,-5858.2393272211875
CCOO_ΔHvap,18913.51204752078
CCOX_ΔHvap,318.2232823032946
CCOM_ΔHvap,17574.547949366744
CCXX_ΔHvap,346.29512280744257
CCXM_ΔHvap,0.0
CCMM_ΔHvap,-1190.7696906458586
CNNN_ΔHvap,-25976.30779115377
CNNO_ΔHvap,-24618.80866694597
CNNX_ΔHvap,25.887419640658436
CNNM_ΔHvap,-19289.467426514544
CNOO_ΔHvap,27260.56974986398
CNOX_ΔHvap,7.796466403086697
CNOM_ΔHvap,13882.499239833292
CNXX_ΔHvap,67.1223858261319
CNXM_ΔHvap,0.0
CNMM_ΔHvap,6658.467265031246
COOO_ΔHvap,-19060.161602524688
COOX_ΔHvap,71.44341082870369
COOM_ΔHvap,-5035.177734641573
COXX_ΔHvap,7.784928215666241
COXM_ΔHvap,0.0
COMM_ΔHvap,-4280.7260962622995
CXXX_ΔHvap,312.87419805408626
CXXM_ΔHvap,0.0
CXMM_ΔHvap,0.0
CMMM_ΔHvap,12146.229227906453
NNNN_ΔHvap,-67781.46939989923
NNNO_ΔHvap,61891.41290871004
NNNX_ΔHvap,5.952745970434421
NNNM_ΔHvap,0.0
NNOO_ΔHvap,-8234.442323854319
NNOX_ΔHvap,39.84644186530852
NNOM_ΔHvap,58273.364243194745
NNXX_ΔHvap,111.46650638133542
NNXM_ΔHvap,0.0
NNMM_ΔHvap,2061.910963578604
NOOO_ΔHvap,26426.28996198277
NOOX_ΔHvap,-56.96426273473753
NOOM_ΔHvap,-25102.525795930935
NOXX_ΔHvap,-2.0564296050371524
NOXM_ΔHvap,0.0
NOMM_ΔHvap,-6652.3580808931165
NXXX_ΔHvap,12.80008250486236
NXXM_ΔHvap,0.0
NXMM_ΔHvap,0.0
NMMM_ΔHvap,-22298.30767575204
OOOO_ΔHvap,-16389.94600242367
OOOX_ΔHvap,-33.33970615470116
OOOM_ΔHvap,-1466.2342796095174
OOXX_ΔHvap,78.33859902268114
OOXM_ΔHvap,0.0
OOMM_ΔHvap,5063.588491033292
OXXX_ΔHvap,-70.96815591492543
OXXM_ΔHvap,0.0
OXMM_ΔHvap,0.0
OMMM_ΔHvap,14658.1117520292
XXXX_ΔHvap,196.97757512287353
XXXM_ΔHvap,0.0
XXMM_ΔHvap,0.0
XMMM_ΔHvap,0.0
MMMM_ΔHvap,0.0
SSSS_IE1,51292.48409522545
SSSC_IE1,-3592.8413771287105
SSSN_IE1,7979.310024577786
SSSO_IE1,-20357.45862966206
SSSX_IE1,0.0
SSSM_IE1,-6506.581368182094
SSCC_IE1,-4298.365338804013
SSCN_IE1,-4818.261827265784
SSCO_IE1,-29176.120272801927
SSCX_IE1,0.0
SSCM_IE1,-3484.763688217787
SSNN_IE1,0.0
SSNO_IE1,-10864.769640906876
SSNX_IE1,0.0
SSNM_IE1,-45084.50593928509
SSOO_IE1,24232.30117112932
SSOX_IE1,0.0
SSOM_IE1,-58399.20902420588
SSXX_IE1,0.0
SSXM_IE1,0.0
SSMM_IE1,244.44230717670024
SCCC_IE1,5390.566931784464
SCCN_IE1,44.59276927276585
SCCO_IE1,9957.443187876099
SCCX_IE1,0.0
SCCM_IE1,-7145.310580591873
SCNN_IE1,-5210.399809715436
SCNO_IE1,-4107.408587987354
SCNX_IE1,0.0
SCNM_IE1,5703.281488826735
SCOO_IE1,-832.0094273678061
SCOX_IE1,0.0
SCOM_IE1,15293.19889912266
SCXX_IE1,0.0
SCXM_IE1,0.0
SCMM_IE1,-1567.7652977378789
SNNN_IE1,0.0
SNNO_IE1,-8368.262133181408
SNNX_IE1,0.0
SNNM_IE1,4044.102823361737
SNOO_IE1,13.422152533545557
SNOX_IE1,0.0
SNOM_IE1,7036.594876849047
SNXX_IE1,0.0
SNXM_IE1,0.0
SNMM_IE1,-9191.70504654275
SOOO_IE1,7327.51398503997
SOOX_IE1,0.0
SOOM_IE1,-28636.756286598553
SOXX_IE1,0.0
SOXM_IE1,0.0
SOMM_IE1,-22334.55534577649
SXXX_IE1,0.0
SXXM_IE1,0.0
SXMM_IE1,0.0
SMMM_IE1,4882.1457283841155
CCCC_IE1,-3899.131490818502
CCCN_IE1,8213.303545976345
CCCO_IE1,-19583.494105728987
CCCX_IE1,504.1137930566333
CCCM_IE1,13474.451073522589
CCNN_IE1,-6758.376710489824
CCNO_IE1,-3668.1355506274494
CCNX_IE1,-86.20063643123649
CCNM_IE1,-5817.672327922479
CCOO_IE1,19099.700098997513
CCOX_IE1,318.2237418814793
CCOM_IE1,17438.57097931332
CCXX_IE1,346.29517925310574
CCXM_IE1,0.0
CCMM_IE1,-699.1637376615495
CNNN_IE1,-26701.30382380588
CNNO_IE1,-24348.87265261125
CNNX_IE1,25.88753000038082
CNNM_IE1,-20559.537144442093
CNOO_IE1,26994.66293550757
CNOX_IE1,7.79654743746255
CNOM_IE1,15806.460539229289
CNXX_IE1,67.12243500483237
CNXM_IE1,0.0
CNMM_IE1,6615.183879844382
COOO_IE1,-19519.925024959033
COOX_IE1,71.44345835232616
COOM_IE1,-5678.5917934564895
COXX_IE1,7.784700523952324
COXM_IE1,0.0
COMM_IE1,-4244.8360355726
CXXX_IE1,312.8740587218904
CXXM_IE1,0.0
CXMM_IE1,0.0
CMMM_IE1,11820.246635522388
NNNN_IE1,10944.047999795634
NNNO_IE1,-34658.29345322214
NNNX_IE1,5.952768163478936
NNNM_IE1,0.0
NNOO_IE1,18583.605980275344
NNOX_IE1,39.8464406846731
NNOM_IE1,50802.599455876814
NNXX_IE1,111.46654857764952
NNXM_IE1,0.0
NNMM_IE1,-3040.884965139924
NOOO_IE1,-28353.662336493748
NOOX_IE1,-56.96421624657958
NOOM_IE1,-20528.45819332116
NOXX_IE1,-2.056270935380411
NOXM_IE1,0.0
NOMM_IE1,-3105.0087859619157
NXXX_IE1,12.799990733845675
NXXM_IE1,0.0
NXMM_IE1,0.0
NMMM_IE1,-22685.128883099627
OOOO_IE1,-23809.84292440957
OOOX_IE1,-33.33990284360925
OOOM_IE1,-1676.4909147731958
OOXX_IE1,78.33863016007354
OOXM_IE1,0.0
OOMM_IE1,-1274.111745165173
OXXX_IE1,-70.96822267497419
OXXM_IE1,0.0
OXMM_IE1,0.0
OMMM_IE1,13341.469034237332
XXXX_IE1,196.97735999314978
XXXM_IE1,0.0
XXMM_IE1,0.0
XMMM_IE1,0.0
MMMM_IE1,0.0
SSSS_IE2,52926.73223303179
SSSC_IE2,-4136.009420287208
SSSN_IE2,5820.7586015492725
SSSO_IE2,-19592.531785955285
SSSX_IE2,0.0
SSSM_IE2,-6728.662041113459
SSCC_IE2,-5579.538256920404
SSCN_IE2,-4527.3599446092385
SSCO_IE2,-28624.217025360642
SSCX_IE2,0.0
SSCM_IE2,-2348.0185523039354
SSNN_IE2,0.0
SSNO_IE2,-10434.036145172462
SSNX_IE2,0.0
SSNM_IE2,-44894.32405142954
SSOO_IE2,24714.689839015842
SSOX_IE2,0.0
SSOM_IE2,-57958.31659103774
SSXX_IE2,0.0
SSXM_IE2,0.0
SSMM_IE2,-1268.2863670149045
SCCC_IE2,3199.1056338987664
SCCN_IE2,155.77047721484792
SCCO_IE2,9840.215776915893
SCCX_IE2,0.0
SCCM_IE2,-6808.598995937086
SCNN_IE2,-4894.886899203959
SCNO_IE2,-4096.087686088449
SCNX_IE2,0.0
SCNM_IE2,6151.312714985168
SCOO_IE2,-834.330095612429
SCOX_IE2,0.0
SCOM_IE2,15567.078660116666
SCXX_IE2,0.0
SCXM_IE2,0.0
SCMM_IE2,-1449.2927134476863
SNNN_IE2,0.0
SNNO_IE2,-8173.278352546113
SNNX_IE2,0.0
SNNM_IE2,3291.094743293899
SNOO_IE2,14.86553368040353
SNOX_IE2,0.0
SNOM_IE2,6431.983906298446
SNXX_IE2,0.0
SNXM_IE2,0.0
SNMM_IE2,-9560.86374775522
SOOO_IE2,7314.561344930978
SOOX_IE2,0.0
SOOM_IE2,-30020.60397035714
SOXX_IE2,0.0
SOXM_IE2,0.0
SOMM_IE2,-22567.227529568823
SXXX_IE2,0.0
SXXM_IE2,0.0
SXMM_IE2,0.0
SMMM_IE2,3504.9876265032794
CCCC_IE2,-1410.3159032647818
CCCN_IE2,7878.754008367555
CCCO_IE2,-19684.374978291136
CCCX_IE2,504.1140135907299
CCCM_IE2,13084.212351642193
CCNN_IE2,-7120.540070456575
CCNO_IE2,-4606.149821188194
CCNX_IE2,-86.20047289777449
CCNM_IE2,-5801.507070053748
CCOO_IE2,19069.803733173332
CCOX_IE2,318.2235879997543
CCOM_IE2,17507.482880902306
CCXX_IE2,346.2951066504165
CCXM_IE2,0.0
CCMM_IE2,-1335.8572421944418
CNNN_IE2,-26523.12252224541
CNNO_IE2,-24115.524861747806
CNNX_IE2,25.887538455572326
CNNM_IE2,-20503.445099100834
CNOO_IE2,26867.463385404375
CNOX_IE2,7.79656548303501
CNOM_IE2,15484.981315404732
CNXX_IE2,67.12237954871534
CNXM_IE2,0.0
CNMM_IE2,6515.518555846667
COOO_IE2,-19694.247350500555
COOX_IE2,71.44345186254259
COOM_IE2,-5164.072736802958
COXX_IE2,7.784766638287238
COXM_IE2,0.0
COMM_IE2,-4316.520600838782
CXXX_IE2,312.8740829547696
CXXM_IE2,0.0
CXMM_IE2,0.0
CMMM_IE2,12955.34595626837
NNNN_IE2,10869.010372472518
NNNO_IE2,-34754.36669773685
NNNX_IE2,5.952787026029
NNNM_IE2,0.0
NNOO_IE2,18754.065320570786
NNOX_IE2,39.84636308205586
NNOM_IE2,50176.43760914764
NNXX_IE2,111.46645891136632
NNXM_IE2,0.0
NNMM_IE2,-119.49943661048292
NOOO_IE2,-28138.44837947413
NOOX_IE2,-56.96409350681475
NOOM_IE2,-21294.195365179276
NOXX_IE2,-2.0563110222197167
NOXM_IE2,0.0
NOMM_IE2,-2997.3515019403258
NXXX_IE2,12.800052262581971
NXXM_IE2,0.0
NXMM_IE2,0.0
NMMM_IE2,-23076.73369305138
OOOO_IE2,-23819.811657619666
OOOX_IE2,-33.339777937074814
OOOM_IE2,-1806.4402487480459
OOXX_IE2,78.33860478698307
OOXM_IE2,0.0
OOMM_IE2,-624.1345454473021
OXXX_IE2,-70.96818975527435
OXXM_IE2,0.0
OXMM_IE2,0.0
OMMM_IE2,13150.303507962057
XXXX_IE2,196.97739736122503
XXXM_IE2,0.0
XXMM_IE2,0.0
XMMM_IE2,0.0
MMMM_IE2,0.0
SSSS_Tmel,57427.38762686091
SSSC_Tmel,-3394.5429734618074
SSSN_Tmel,44422.82492434888
SSSO_Tmel,-46116.99871985505
SSSX_Tmel,0.0
SSSM_Tmel,-6991.379638204277
SSCC_Tmel,-6246.284541826624
SSCN_Tmel,-5257.584186617039
SSCO_Tmel,-29167.795768508407
SSCX_Tmel,0.0
SSCM_Tmel,-1359.4589966821877
SSNN_Tmel,0.0
SSNO_Tmel,3644.5148478163183
SSNX_Tmel,0.0
SSNM_Tmel,-46406.6915759596
SSOO_Tmel,-25262.49094121857
SSOX_Tmel,0.0
SSOM_Tmel,-70067.43473195612
SSXX_Tmel,0.0
SSXM_Tmel,0.0
SSMM_Tmel,256.4211505842593
SCCC_Tmel,6493.720820626222
SCCN_Tmel,74.39816961653742
SCCO_Tmel,9780.935985856548
SCCX_Tmel,0.0
SCCM_Tmel,-6791.212828427772
SCNN_Tmel,-4202.291570115187
SCNO_Tmel,-4134.6463440517555
SCNX_Tmel,0.0
SCNM_Tmel,5719.237823615644
SCOO_Tmel,-893.4211834272273
SCOX_Tmel,0.0
SCOM_Tmel,15405.53020337086
SCXX_Tmel,0.0
SCXM_Tmel,0.0
SCMM_Tmel,-1585.1405148874119
SNNN_Tmel,0.0
SNNO_Tmel,7374.937080286362
SNNX_Tmel,0.0
SNNM_Tmel,-2751.524682142249
SNOO_Tmel,12.158158424147587
SNOX_Tmel,0.0
SNOM_Tmel,-3789.560644572521
SNXX_Tmel,0.0
SNXM_Tmel,0.0
SNMM_Tmel,-9807.996712855624
SOOO_Tmel,-7394.03779878146
SOOX_Tmel,0.0
SOOM_Tmel,-21952.712271624943
SOXX_Tmel,0.0
SOXM_Tmel,0.0
SOMM_Tmel,-20983.424469094527
SXXX_Tmel,0.0
SXXM_Tmel,0.0
SXMM_Tmel,0.0
SMMM_Tmel,2861.174744083195
CCCC_Tmel,-2914.0813780287644
CCCN_Tmel,7442.514806822047
CCCO_Tmel,-19271.459478503937
CCCX_Tmel,504.1138660565075
CCCM_Tmel,13265.064723078132
CCNN_Tmel,-7402.019029239529
CCNO_Tmel,-3323.991969521893
CCNX_Tmel,-86.20045151389195
CCNM_Tmel,-5743.997201363756
CCOO_Tmel,19043.345048164865
CCOX_Tmel,318.2233770510329
CCOM_Tmel,17620.688872083527
CCXX_Tmel,346.29530785739325
CCXM_Tmel,0.0
CCMM_Tmel,-693.6085958912865
CNNN_Tmel,-26617.255742581754
CNNO_Tmel,-24722.01553081346
CNNX_Tmel,25.887381499576918
CNNM_Tmel,-20890.7195170678
CNOO_Tmel,27255.983731927532
CNOX_Tmel,7.79651114788885
CNOM_Tmel,15473.840126586616
CNXX_Tmel,67.12256542486193
CNXM_Tmel,0.0
CNMM_Tmel,6541.4757776830365
COOO_Tmel,-19574.72062045568
COOX_Tmel,71.44336581201969
COOM_Tmel,-5674.275124290011
COXX_Tmel,7.784719704711279
COXM_Tmel,0.0
COMM_Tmel,-4369.056582799604
CXXX_Tmel,312.87442662540707
CXXM_Tmel,0.0
CXMM_Tmel,0.0
CMMM_Tmel,12046.246849621162
NNNN_Tmel,-10093.40517845424
NNNO_Tmel,35549.62070407233
NNNX_Tmel,-5.952720653832785
NNNM_Tmel,0.0
NNOO_Tmel,-19153.5404943126
NNOX_Tmel,-39.84637923863056
NNOM_Tmel,60100.25636136866
NNXX_Tmel,-111.46657745597713
NNXM_Tmel,0.0
NNMM_Tmel,-8299.756049737673
NOOO_Tmel,27661.32287714081
NOOX_Tmel,56.9641875783835
NOOM_Tmel,239.28921181537885
NOXX_Tmel,2.0561926672690163
NOXM_Tmel,0.0
NOMM_Tmel,-3410.886604089771
NXXX_Tmel,-12.800055085697466
NXXM_Tmel,0.0
NXMM_Tmel,0.0
NMMM_Tmel,-22362.424335048185
OOOO_Tmel,23709.998502972896
OOOX_Tmel,33.33984061211095
OOOM_Tmel,-3269.752401782859
OOXX_Tmel,-78.33864196813556
OOXM_Tmel,0.0
OOMM_Tmel,-974.5676952933948
OXXX_Tmel,70.96809606810928
OXXM_Tmel,0.0
OXMM_Tmel,0.0
OMMM_Tmel,12994.592480584315
XXXX_Tmel,-196.97725478613916
XXXM_Tmel,0.0
XXMM_Tmel,0.0
XMMM_Tmel,0.0
MMMM_Tmel,0.0
SSSS_Vmol,94282.40592148453
SSSC_Vmol,88642.26534535845
SSSN_Vmol,-214280.81190217583
SSSO_Vmol,-238441.07368711504
SSSX_Vmol,0.0
SSSM_Vmol,111816.55485191275
SSCC_Vmol,110140.71688143317
SSCN_Vmol,33854.6899319141
SSCO_Vmol,51531.60884857144
SSCX_Vmol,0.0
SSCM_Vmol,46643.34447256215
SSNN_Vmol,0.0
SSNO_Vmol,123919.25681398954
SSNX_Vmol,0.0
SSNM_Vmol,53134.643023789795
SSOO_Vmol,-85569.18781325343
SSOX_Vmol,0.0
SSOM_Vmol,202081.6661498095
SSXX_Vmol,0.0
SSXM_Vmol,0.0
SSMM_Vmol,35214.21827049772
SCCC_Vmol,-44081.28195103054
SCCN_Vmol,68791.32463444333
SCCO_Vmol,-121401.86959122508
SCCX_Vmol,0.0
SCCM_Vmol,116515.7516813906
SCNN_Vmol,73300.7701473062
SCNO_Vmol,60591.81107157862
SCNX_Vmol,0.0
SCNM_Vmol,-166165.14425924394
SCOO_Vmol,36793.89620024649
SCOX_Vmol,0.0
SCOM_Vmol,-224238.88709335166
SCXX_Vmol,0.0
SCXM_Vmol,0.0
SCMM_Vmol,59150.67517437414
SNNN_Vmol,0.0
SNNO_Vmol,22421.509103848846
SNNX_Vmol,0.0
SNNM_Vmol,-4509.020480743826
SNOO_Vmol,-37628.35980603116
SNOX_Vmol,0.0
SNOM_Vmol,77459.90100792777
SNXX_Vmol,0.0
SNXM_Vmol,0.0
SNMM_Vmol,232795.60656659908
SOOO_Vmol,181104.17700311932
SOOX_Vmol,0.0
SOOM_Vmol,42664.12860981761
SOXX_Vmol,0.0
SOXM_Vmol,0.0
SOMM_Vmol,-152183.2197106232
SXXX_Vmol,0.0
SXXM_Vmol,0.0
SXMM_Vmol,0.0
SMMM_Vmol,9470.80338315971
CCCC_Vmol,117953.09715765895
CCCN_Vmol,-78920.60903874139
CCCO_Vmol,377434.7859026478
CCCX_Vmol,504.1141531508474
CCCM_Vmol,-187752.12201515216
CCNN_Vmol,114269.32733444152
CCNO_Vmol,93225.11448990113
CCNX_Vmol,-86.19968160380859
CCNM_Vmol,80700.38707542991
CCOO_Vmol,-268440.2050306157
CCOX_Vmol,318.22375708907475
CCOM_Vmol,-281812.42661108455
CCXX_Vmol,346.2953949250136
CCXM_Vmol,0.0
CCMM_Vmol,40615.6805344206
CNNN_Vmol,389690.55767351715
CNNO_Vmol,414002.27582200675
CNNX_Vmol,25.887445036627128
CNNM_Vmol,331138.77428971534
CNOO_Vmol,-415458.42514510546
CNOX_Vmol,7.796661590146186
CNOM_Vmol,-158921.8105863128
CNXX_Vmol,67.12238301017669
CNXM_Vmol,0.0
CNMM_Vmol,-69450.71324324136
COOO_Vmol,323994.4295620037
COOX_Vmol,71.44299830854152
COOM_Vmol,13358.536248346856
COXX_Vmol,7.7845578259803005
COXM_Vmol,0.0
COMM_Vmol,89886.20693018344
CXXX_Vmol,312.87402385291125
CXXM_Vmol,0.0
CXMM_Vmol,0.0
CMMM_Vmol,-148648.48375084111
NNNN_Vmol,22168.283346333516
NNNO_Vmol,427885.20892127353
NNNX_Vmol,5.952615762706756
NNNM_Vmol,0.0
NNOO_Vmol,137091.44314882698
NNOX_Vmol,39.84649186818865
NNOM_Vmol,-190276.31028573177
NNXX_Vmol,111.46669042508665
NNXM_Vmol,0.0
NNMM_Vmol,96381.54895397334
NOOO_Vmol,347382.02604751254
NOOX_Vmol,-56.964037207524115
NOOM_Vmol,281.3801616966964
NOXX_Vmol,-2.056220209024019
NOXM_Vmol,0.0
NOMM_Vmol,-202241.1337728507
NXXX_Vmol,12.800133930008599
NXXM_Vmol,0.0
NXMM_Vmol,0.0
NMMM_Vmol,149452.11442359298
OOOO_Vmol,482507.42174608854
OOOX_Vmol,-33.33981018271925
OOOM_Vmol,-76027.10335282248
OOXX_Vmol,78.33899293344757
OOXM_Vmol,0.0
OOMM_Vmol,42741.46600689699
OXXX_Vmol,-70.9680105064864
OXXM_Vmol,0.0
OXMM_Vmol,0.0
OMMM_Vmol,-132809.5738072388
XXXX_Vmol,196.97786425514414
XXXM_Vmol,0.0
XXMM_Vmol,0.0
XMMM_Vmol,0.0
MMMM_Vmol,0.0
SSSS_Q,54139.479222792965
SSSC_Q,-3900.3824028008207
SSSN_Q,7793.41690392041
SSSO_Q,-19682.927349509904
SSSX_Q,0.0
SSSM_Q,-8207.724880163118
SSCC_Q,-5510.888215894043
SSCN_Q,-4683.343923909142
SSCO_Q,-28335.465895890444
SSCX_Q,0.0
SSCM_Q,-103.03872520992152
SSNN_Q,0.0
SSNO_Q,-10477.347034490433
SSNX_Q,0.0
SSNM_Q,-44677.54033421281
SSOO_Q,25059.797729863265
SSOX_Q,0.0
SSOM_Q,-60623.519230060665
SSXX_Q,0.0
SSXM_Q,0.0
SSMM_Q,-2181.4587319497027
SCCC_Q,5158.83426795614
SCCN_Q,219.08894170970734
SCCO_Q,9716.067106056822
SCCX_Q,0.0
SCCM_Q,-4200.745220526043
SCNN_Q,-5050.320636125775
SCNO_Q,-4056.258636416902
SCNX_Q,0.0
SCNM_Q,5212.088454522176
SCOO_Q,-865.4339828118957
SCOX_Q,0.0
SCOM_Q,16037.856363794244
SCXX_Q,0.0
SCXM_Q,0.0
SCMM_Q,-4795.653200504232
SNNN_Q,0.0
SNNO_Q,-8183.973814705955
SNNX_Q,0.0
SNNM_Q,3426.901103059885
SNOO_Q,-25.600556571364052
SNOX_Q,0.0
SNOM_Q,10335.211520342886
SNXX_Q,0.0
SNXM_Q,0.0
SNMM_Q,-9689.451746513949
SOOO_Q,7322.143210829069
SOOX_Q,0.0
SOOM_Q,-30026.059928408955
SOXX_Q,0.0
SOXM_Q,0.0
SOMM_Q,-24422.41998043727
SXXX_Q,0.0
SXXM_Q,0.0
SXMM_Q,0.0
SMMM_Q,4855.995748484842
CCCC_Q,-2728.0422043802387
CCCN_Q,8113.722779152078
CCCO_Q,-19036.774098238944
CCCX_Q,504.1137778131856
CCCM_Q,13376.86097483995
CCNN_Q,-6821.645315618525
CCNO_Q,-3203.4846610494565
CCNX_Q,-86.2007996137113
CCNM_Q,-5712.972781499866
CCOO_Q,19379.218513318883
CCOX_Q,318.2237801555739
CCOM_Q,17574.218464850488
CCXX_Q,346.2950779484868
CCXM_Q,0.0
CCMM_Q,-812.9341197435099
CNNN_Q,-26845.655638785276
CNNO_Q,-24261.482211193896
CNNX_Q,25.887481928399893
CNNM_Q,-20954.792265915905
CNOO_Q,26777.511198047705
CNOX_Q,7.796545802646506
CNOM_Q,15547.128659575557
CNXX_Q,67.12237671607545
CNXM_Q,0.0
CNMM_Q,6205.38219567056
COOO_Q,-19479.516767743404
COOX_Q,71.44353488382421
COOM_Q,-5560.74202735378
COXX_Q,7.784657820655866
COXM_Q,0.0
COMM_Q,-4494.92141328891
CXXX_Q,312.87438860825614
CXXM_Q,0.0
CXMM_Q,0.0
CMMM_Q,11463.243457402532
NNNN_Q,10874.578729614299
NNNO_Q,-34678.10293736704
NNNX_Q,5.9527383202693045
NNNM_Q,0.0
NNOO_Q,18923.973215098125
NNOX_Q,39.84644199024558
NNOM_Q,51678.53949312618
NNXX_Q,111.46652862783912
NNXM_Q,0.0
NNMM_Q,4117.3309475210035
NOOO_Q,-28053.338766528985
NOOX_Q,-56.964144139428356
NOOM_Q,-20014.461399644457
NOXX_Q,-2.0563241405423014
NOXM_Q,0.0
NOMM_Q,-2842.9684391393866
NXXX_Q,12.800055085697466
NXXM_Q,0.0
NXMM_Q,0.0
NMMM_Q,-22344.15172969762
OOOO_Q,-23781.791300436642
OOOX_Q,-33.33987028216757
OOOM_Q,-2151.144768486868
OOXX_Q,78.33872981104287
OOXM_Q,0.0
OOMM_Q,-1644.6279527016427
OXXX_Q,-70.9680764798361
OXXM_Q,0.0
OXMM_Q,0.0
OMMM_Q,13341.826364962479
XXXX_Q,196.97723455540017
XXXM_Q,0.0
XXMM_Q,0.0
XMMM_Q,0.0
MMMM_Q,0.0
SSSS_λ,-29879.783687375337
SSSC_λ,-3264.671997464396
SSSN_λ,-6198.3560870148085
SSSO_λ,175737.74800454095
SSSX_λ,0.0
SSSM_λ,-7624.124988613912
SSCC_λ,-5186.423995578909
SSCN_λ,713.115983641806
SSCO_λ,7321.298800021458
SSCX_λ,0.0
SSCM_λ,-3363.442358049237
SSNN_λ,0.0
SSNO_λ,-91412.24137870398
SSNX_λ,0.0
SSNM_λ,-32302.727970579086
SSOO_λ,-62910.27872698183
SSOX_λ,0.0
SSOM_λ,-96969.8717996973
SSXX_λ,0.0
SSXM_λ,0.0
SSMM_λ,35.08933416500258
SCCC_λ,4833.0268059098335
SCCN_λ,71.8850998041446
SCCO_λ,9795.202543556556
SCCX_λ,0.0
SCCM_λ,-5958.56808632507
SCNN_λ,8866.60256933711
SCNO_λ,-5689.123460768761
SCNX_λ,0.0
SCNM_λ,5739.355754155354
SCOO_λ,-573.3057922035414
SCOX_λ,0.0
SCOM_λ,15910.62306950716
SCXX_λ,0.0
SCXM_λ,0.0
SCMM_λ,-1679.814560099529
SNNN_λ,0.0
SNNO_λ,156001.42298050295
SNNX_λ,0.0
SNNM_λ,-13792.828476771525
SNOO_λ,39785.235799644586
SNOX_λ,0.0
SNOM_λ,-18472.758184122453
SNXX_λ,0.0
SNXM_λ,0.0
SNMM_λ,-11569.62443837665
SOOO_λ,-304057.8369426269
SOOX_λ,0.0
SOOM_λ,-21462.074292069417
SOXX_λ,0.0
SOXM_λ,0.0
SOMM_λ,-13985.025289267462
SXXX_λ,0.0
SXXM_λ,0.0
SXMM_λ,0.0
SMMM_λ,3770.4549527817626
CCCC_λ,-1479.3516310229725
CCCN_λ,8084.9925364919745
CCCO_λ,-18899.362794743425
CCCX_λ,504.11382675278765
CCCM_λ,13199.257929090478
CCNN_λ,-7252.662645461207
CCNO_λ,-3356.3755780203082
CCNX_λ,-86.20049138803915
CCNM_λ,-5704.862706115562
CCOO_λ,18983.2786200148
CCOX_λ,318.22359439035336
CCOM_λ,17542.185073683893
CCXX_λ,346.2951565915532
CCXM_λ,0.0
CCMM_λ,-864.0852887574822
CNNN_λ,-27214.807675838514
CNNO_λ,-24484.265898615573
CNNX_λ,25.887542934464705
CNNM_λ,-22809.661646370103
CNOO_λ,27297.536505813725
CNOX_λ,7.796467651744479
CNOM_λ,16534.3284123741
CNXX_λ,67.12237801638321
CNXM_λ,0.0
CNMM_λ,7006.197249062145
COOO_λ,-20031.59481461047
COOX_λ,71.44347929362038
COOM_λ,-8528.450563460381
COXX_λ,7.784712272919478
COXM_λ,0.0
COMM_λ,-4114.928252844317
CXXX_λ,312.87425161573947
CXXM_λ,0.0
CXMM_λ,0.0
CMMM_λ,10168.782403421701
NNNN_λ,-80999.9743864391
NNNO_λ,-213761.67823763078
NNNX_λ,5.952709938581819
NNNM_λ,0.0
NNOO_λ,-371858.16721382906
NNOX_λ,39.846209908131186
NNOM_λ,57664.74795675265
NNXX_λ,111.46653781017267
NNXM_λ,0.0
NNMM_λ,10210.250388596805
NOOO_λ,137919.1297803118
NOOX_λ,-56.964325482762774
NOOM_λ,11467.082492804666
NOXX_λ,-2.056415710759353
NOXM_λ,0.0
NOMM_λ,-6034.722507718787
NXXX_λ,12.800055085697466
NXXM_λ,0.0
NXMM_λ,0.0
NMMM_λ,-20407.903182331607
OOOO_λ,-356570.3097350644
OOOX_λ,-33.339839683697846
OOOM_λ,-5597.374023790601
OOXX_λ,78.33830391157471
OOXM_λ,0.0
OOMM_λ,4807.789755391734
OXXX_λ,-70.96817318726085
OXXM_λ,0.0
OXMM_λ,0.0
OMMM_λ,12766.351050546094
XXXX_λ,196.97801515489687
XXXM_λ,0.0
XXMM_λ,0.0
XMMM_λ,0.0
MMMM_λ,0.0
SSSS_q,-32704.990703677096
SSSC_q,-6267.103616257655
SSSN_q,-40662.42825058857
SSSO_q,444.7868822822631
SSSX_q,0.0
SSSM_q,-23053.37816430129
SSCC_q,-4227.619662209301
SSCN_q,-172576.67122435058
SSCO_q,-128359.6350087841
SSCX_q,0.0
SSCM_q,-2337.4667702676215
SSNN_q,0.0
SSNO_q,175959.277216737
SSNX_q,0.0
SSNM_q,189216.19388655078
SSOO_q,-214098.87374052557
SSOX_q,0.0
SSOM_q,228952.10530602682
SSXX_q,0.0
SSXM_q,0.0
SSMM_q,-6031.748876965871
SCCC_q,5167.662000190885
SCCN_q,14374.329683766893
SCCO_q,17981.310949030758
SCCX_q,0.0
SCCM_q,-5951.231200707499
SCNN_q,-85719.22181131094
SCNO_q,15395.061687382971
SCNX_q,0.0
SCNM_q,4055.8639155289716
SCOO_q,7228.918550392826
SCOX_q,0.0
SCOM_q,-59521.76198551539
SCXX_q,0.0
SCXM_q,0.0
SCMM_q,-590.6443476715202
SNNN_q,0.0
SNNO_q,-77219.07638731418
SNNX_q,0.0
SNNM_q,-55325.2594550409
SNOO_q,-1999.0337300384967
SNOX_q,0.0
SNOM_q,-168709.70833672542
SNXX_q,0.0
SNXM_q,0.0
SNMM_q,4411.807448087337
SOOO_q,12568.171079322936
SOOX_q,0.0
SOOM_q,137725.55463723265
SOXX_q,0.0
SOXM_q,0.0
SOMM_q,477642.10913385847
SXXX_q,0.0
SXXM_q,0.0
SXMM_q,0.0
SMMM_q,4048.9147941634897
CCCC_q,-2533.914331808318
CCCN_q,7570.352914596111
CCCO_q,-19155.350199593307
CCCX_q,504.1139463868958
CCCM_q,15066.043485343984
CCNN_q,-2598.7045069838387
CCNO_q,-4443.302346472509
CCNX_q,-86.20059753796113
CCNM_q,8317.915789586807
CCOO_q,20086.946026041045
CCOX_q,318.22373004238216
CCOM_q,25467.557788499184
CCXX_q,346.2949673455805
CCXM_q,0.0
CCMM_q,-349.2989450380701
CNNN_q,-39921.37770515399
CNNO_q,-27396.661795504795
CNNX_q,25.887469580895413
CNNM_q,32892.538415986695
CNOO_q,24686.331105820867
CNOX_q,7.796550251651297
CNOM_q,-53386.13968456622
CNXX_q,67.12237456951198
CNXM_q,0.0
CNMM_q,-38154.919666265654
COOO_q,-17212.1827583034
COOX_q,71.44339482833448
COOM_q,-43263.37051378062
COXX_q,7.7848414059708375
COXM_q,0.0
COMM_q,-59307.139598204274
CXXX_q,312.8743048797146
CXXM_q,0.0
CXMM_q,0.0
CMMM_q,11344.162311830602
NNNN_q,162936.43941870934
NNNO_q,-109086.7412143832
NNNX_q,5.9527073398167545
NNNM_q,0.0
NNOO_q,14453.966190298
NNOX_q,39.84647067219839
NNOM_q,-80343.4688321462
NNXX_q,111.46646458745727
NNXM_q,0.0
NNMM_q,-7337.761739459867
NOOO_q,-12084.2817709509
NOOX_q,-56.964315667027364
NOOM_q,-194149.54325818052
NOXX_q,-2.056621121641143
NOXM_q,0.0
NOMM_q,-36455.72445840626
NXXX_q,12.800133930008599
NXXM_q,0.0
NXMM_q,0.0
NMMM_q,48134.55496343999
OOOO_q,-24893.646075126664
OOOX_q,-33.33955981857184
OOOM_q,-43299.552635144966
OOXX_q,78.3385323061334
OOXM_q,0.0
OOMM_q,-70919.45059216367
OXXX_q,-70.96822115265911
OXXM_q,0.0
OXMM_q,0.0
OMMM_q,-2806.73968907736
XXXX_q,196.977317890515
XXXM_q,0.0
XXMM_q,0.0
XMMM_q,0.0
MMMM_q,0.0
CCCC_2D,0.0
CCCH_2D,0.0
CCCO_2D,0.0
CCHH_2D,0.0
CCHO_2D,0.0
CCOO_2D,0.0
CHHH_2D,0.0
CHHO_2D,0.0
CHOO_2D,0.0
COOO_2D,0.0
HHHH_2D,0.0
HHHO_2D,0.0
HHOO_2D,0.0
HOOO_2D,0.0
OOOO_2D,0.0
BBBN_2D,0.0
BNNN_2D,0.0
MoMoMoS_2D,0.0
MoSSS_2D,0.0
SSSS_2D,0.0
SSSW_2D,0.0
SSWW_2D,0.0
SWWW_2D,0.0
WWWW_2D,0.0
water_2D,0.0
nac_2D,0.0
pf108_2D,0.0
